t,obs,tail_frac,rebuilt
0.000000000000000000e+00,9.899999999999999911e-01,0.000000000000000000e+00,0.000000000000000000e+00
1.000000000000000021e-02,9.892080043602303752e-01,1.735914096468626145e-19,0.000000000000000000e+00
2.000000000000000042e-02,9.868320748385257524e-01,4.442422642698824681e-17,0.000000000000000000e+00
2.999999999999999889e-02,9.828724216126824009e-01,1.137896993999648799e-15,0.000000000000000000e+00
4.000000000000000083e-02,9.773295211197917665e-01,1.135709571875577769e-14,0.000000000000000000e+00
5.000000000000000278e-02,9.702043035762678569e-01,6.762440747055713456e-14,0.000000000000000000e+00
5.999999999999999778e-02,9.614984120332586981e-01,2.904099103691072855e-13,0.000000000000000000e+00
7.000000000000000666e-02,9.512145292912365102e-01,9.952816205251333320e-13,0.000000000000000000e+00
8.000000000000000167e-02,9.393567676752159201e-01,2.891641409980356148e-12,0.000000000000000000e+00
8.999999999999999667e-02,9.259311151789302308e-01,7.405094329717260356e-12,0.000000000000000000e+00
1.000000000000000056e-01,9.109459298214614975e-01,1.716564531326549284e-11,0.000000000000000000e+00
1.100000000000000006e-01,8.944124722444088960e-01,3.670924600247514354e-11,0.000000000000000000e+00
1.199999999999999956e-01,8.763454646579306173e-01,7.344507891924539262e-11,0.000000000000000000e+00
1.300000000000000044e-01,8.567636622933235691e-01,1.389453268984645293e-10,1.000000000000000000e+00
1.400000000000000133e-01,8.356902908084012926e-01,1.735797061295577464e-19,0.000000000000000000e+00
1.499999999999999944e-01,8.131538433614917682e-01,4.441774358717749022e-17,0.000000000000000000e+00
1.600000000000000033e-01,7.891884235197822450e-01,1.137532456968129979e-15,0.000000000000000000e+00
1.700000000000000122e-01,7.638342254491881089e-01,1.135067883564765036e-14,0.000000000000000000e+00
1.799999999999999933e-01,7.371379069247807614e-01,6.756509340582179598e-14,0.000000000000000000e+00
1.900000000000000022e-01,7.091528622282297079e-01,2.900454077345706760e-13,0.000000000000000000e+00
2.000000000000000111e-01,6.799393814068990238e-01,9.935918953339473672e-13,0.000000000000000000e+00
2.099999999999999922e-01,6.495646804908494776e-01,2.885269283516649031e-12,0.000000000000000000e+00
2.200000000000000011e-01,6.181027912352724529e-01,7.384570560775075814e-12,0.000000000000000000e+00
2.300000000000000100e-01,5.856343032563234852e-01,1.710727674649246615e-11,0.000000000000000000e+00
2.399999999999999911e-01,5.522459564497768092e-01,3.655915505504613401e-11,0.000000000000000000e+00
2.500000000000000000e-01,5.180300870972135430e-01,7.308994421102285684e-11,0.000000000000000000e+00
2.600000000000000089e-01,4.830839367837411191e-01,1.381617622011863131e-10,1.000000000000000000e+00
2.700000000000000178e-01,4.475087760661345948e-01,1.735781670305513040e-19,0.000000000000000000e+00
2.800000000000000266e-01,4.114091666024086158e-01,4.438295254402023613e-17,0.000000000000000000e+00
2.899999999999999800e-01,3.748918215791071096e-01,1.135465878911008327e-15,0.000000000000000000e+00
2.999999999999999889e-01,3.380645983412747801e-01,1.131365954843208077e-14,0.000000000000000000e+00
3.099999999999999978e-01,3.010354392105776822e-01,6.721808305174301589e-14,0.000000000000000000e+00
3.200000000000000067e-01,2.639113152181501998e-01,2.878843496410678015e-13,0.000000000000000000e+00
3.300000000000000155e-01,2.267972078949840875e-01,9.834423827174309874e-13,0.000000000000000000e+00
3.400000000000000244e-01,1.897951547074689382e-01,2.846499233653593998e-12,0.000000000000000000e+00
3.500000000000000333e-01,1.530033812392234127e-01,7.258102848685655617e-12,0.000000000000000000e+00
3.599999999999999867e-01,1.165155389516325107e-01,1.674307622905890380e-11,0.000000000000000000e+00
3.699999999999999956e-01,8.042006252003328082e-02,3.561099490159623514e-11,0.000000000000000000e+00
3.800000000000000044e-01,4.479965565881789680e-02,7.081898195944539076e-11,0.000000000000000000e+00
3.900000000000000133e-01,9.730909321805687393e-03,1.330906667011485174e-10,1.000000000000000000e+00
4.000000000000000222e-01,-2.471583122080922915e-02,1.737281703225082869e-19,0.000000000000000000e+00
4.100000000000000311e-01,-5.847683367411461719e-02,4.438943618021724888e-17,0.000000000000000000e+00
4.199999999999999845e-01,-9.149483081911649607e-02,1.135606130358406167e-15,0.000000000000000000e+00
4.299999999999999933e-01,-1.237189514354969655e-01,1.131565827119697027e-14,0.000000000000000000e+00
4.400000000000000022e-01,-1.551045220332628594e-01,6.723557312552734120e-14,0.000000000000000000e+00
4.500000000000000111e-01,-1.856127947880688300e-01,2.879895437719570983e-13,0.000000000000000000e+00
4.600000000000000200e-01,-2.152106097972278920e-01,9.839236114628487748e-13,0.000000000000000000e+00
4.700000000000000289e-01,-2.438700070255233332e-01,2.848293614778689362e-12,0.000000000000000000e+00
4.799999999999999822e-01,-2.715678017547878409e-01,7.263817432732140417e-12,0.000000000000000000e+00
4.899999999999999911e-01,-2.982851363733428074e-01,1.675913426097549274e-11,0.000000000000000000e+00
5.000000000000000000e-01,-3.240070201310599751e-01,3.565175211947055311e-11,0.000000000000000000e+00
5.100000000000000089e-01,-3.487218671487999910e-01,7.091405531391850506e-11,0.000000000000000000e+00
5.200000000000000178e-01,-3.724210415977707855e-01,1.332971999025260515e-10,1.000000000000000000e+00
5.300000000000000266e-01,-3.950983671477252268e-01,1.737303706207909430e-19,0.000000000000000000e+00
5.400000000000000355e-01,-4.167499185407158024e-01,4.438735030846642603e-17,0.000000000000000000e+00
5.500000000000000444e-01,-4.373733928813434702e-01,1.135484624301466251e-15,0.000000000000000000e+00
5.600000000000000533e-01,-4.569678370194278916e-01,1.131351389343319326e-14,0.000000000000000000e+00
5.700000000000000622e-01,-4.755333176889816049e-01,6.721576697209243756e-14,0.000000000000000000e+00
5.799999999999999600e-01,-4.930706327760162044e-01,2.878680644130008789e-13,0.000000000000000000e+00
5.899999999999999689e-01,-5.095810609043280870e-01,9.833620165930394286e-13,0.000000000000000000e+00
5.999999999999999778e-01,-5.250661519666068866e-01,2.846183230355921097e-12,0.000000000000000000e+00
6.099999999999999867e-01,-5.395275602642818358e-01,7.257049587873598290e-12,0.000000000000000000e+00
6.199999999999999956e-01,-5.529669217584908258e-01,1.673998734540400935e-11,0.000000000000000000e+00
6.300000000000000044e-01,-5.653857768174093135e-01,3.560282324208119786e-11,0.000000000000000000e+00
6.400000000000000133e-01,-5.767855397322922961e-01,7.079913289639820107e-11,0.000000000000000000e+00
6.500000000000000222e-01,-5.871675161232688955e-01,1.330458176293798895e-10,1.000000000000000000e+00
6.600000000000000311e-01,-5.965329641214379697e-01,1.718473398826398621e-19,0.000000000000000000e+00
6.700000000000000400e-01,-6.048833041863124205e-01,4.427998578727547172e-17,0.000000000000000000e+00
6.800000000000000488e-01,-6.122201382940498648e-01,1.132170709775962601e-15,0.000000000000000000e+00
6.900000000000000577e-01,-6.185455265799176816e-01,1.125997783927104361e-14,0.000000000000000000e+00
7.000000000000000666e-01,-6.238622485119972305e-01,6.672293857486815347e-14,0.000000000000000000e+00
7.099999999999999645e-01,-6.281741078825849867e-01,2.848031300478471150e-13,0.000000000000000000e+00
7.199999999999999734e-01,-6.314862770671360037e-01,9.689270977699028268e-13,0.000000000000000000e+00
7.299999999999999822e-01,-6.338056742164639434e-01,2.790827139101392280e-12,0.000000000000000000e+00
7.399999999999999911e-01,-6.351413650630853835e-01,7.075736317129100002e-12,0.000000000000000000e+00
7.500000000000000000e-01,-6.355049789201003829e-01,1.621577946416864896e-11,0.000000000000000000e+00
7.600000000000000089e-01,-6.349111263490436752e-01,3.423312725728349492e-11,0.000000000000000000e+00
7.700000000000000178e-01,-6.333778040235308326e-01,6.750786742291323711e-11,0.000000000000000000e+00
7.800000000000000266e-01,-6.309267706976259271e-01,1.256757251071736884e-10,1.000000000000000000e+00
7.900000000000000355e-01,-6.275838872393650902e-01,1.687497047600615530e-19,0.000000000000000000e+00
8.000000000000000444e-01,-6.233793450257424373e-01,4.414830438769549934e-17,0.000000000000000000e+00
8.100000000000000533e-01,-6.183479036110108851e-01,1.129612707624562847e-15,0.000000000000000000e+00
8.200000000000000622e-01,-6.125289614496802759e-01,1.122444747295745931e-14,0.000000000000000000e+00
8.300000000000000711e-01,-6.059665385260309955e-01,6.640624426282883834e-14,0.000000000000000000e+00
8.399999999999999689e-01,-5.987091411720231182e-01,2.828391477087426698e-13,0.000000000000000000e+00
8.499999999999999778e-01,-5.908095043917271916e-01,9.596283764821633579e-13,0.000000000000000000e+00
8.599999999999999867e-01,-5.823242122227672013e-01,2.754889701967424465e-12,0.000000000000000000e+00
8.699999999999999956e-01,-5.733132022336280276e-01,6.957022890634408905e-12,0.000000000000000000e+00
8.800000000000000044e-01,-5.638391657977795957e-01,1.586960329454736075e-11,0.000000000000000000e+00
8.900000000000000133e-01,-5.539668608936836325e-01,3.332099908487231353e-11,0.000000000000000000e+00
9.000000000000000222e-01,-5.437623584642938823e-01,6.529840378489875759e-11,0.000000000000000000e+00
9.100000000000000311e-01,-5.332922465021670000e-01,1.206902503787243343e-10,1.000000000000000000e+00
9.200000000000000400e-01,-5.226228150306112541e-01,1.713060544786640239e-19,0.000000000000000000e+00
9.300000000000000488e-01,-5.118192337591100927e-01,4.424198796214817548e-17,0.000000000000000000e+00
9.400000000000000577e-01,-5.009448301431153050e-01,1.130714726265641459e-15,0.000000000000000000e+00
9.500000000000000666e-01,-4.900603560509101952e-01,1.123502481684358057e-14,0.000000000000000000e+00
9.599999999999999645e-01,-4.792233537162450263e-01,6.648738953143833709e-14,0.000000000000000000e+00
9.699999999999999734e-01,-4.684876124156174271e-01,2.833119942954979685e-13,0.000000000000000000e+00
9.799999999999999822e-01,-4.579027257273147189e-01,9.617942406659820017e-13,0.000000000000000000e+00
9.899999999999999911e-01,-4.475137544830588565e-01,2.763071346338066411e-12,0.000000000000000000e+00
1.000000000000000000e+00,-4.373609960406430464e-01,6.983542788474749090e-12,0.000000000000000000e+00
